{
 "repro": {
  "command": "python C:\\Users\\karab\\Documents\\coding\\v4_crypto_stystem\\src\\strat\\cross_instrument_generalize.py --universe u50 --cadences 4h,1h,1d",
  "git_sha": "660150f"
 },
 "result": {
  "universe": "u50",
  "cadences": [
   "4h",
   "1h",
   "1d"
  ],
  "n_assets": 48,
  "report": {
   "4h": {
    "MA20_100": {
     "assets": 46,
     "breadth_pos": 0.6086956521739131,
     "breadth_cost": 0.5652173913043478,
     "median_asset_oos": 0.004137099128754565,
     "pooled_oos_mean": 0.005912644136249061,
     "pooled_oos_se": 0.002619691202184457,
     "pooled_oos_win": 0.4184008762322015,
     "pooled_oos_jk5pct": -0.006758108718907215,
     "pooled_oos_n": 913,
     "persistence": 0.6666666666666666,
     "median_hold_bars": 11
    },
    "DONCH20": {
     "assets": 47,
     "breadth_pos": 0.723404255319149,
     "breadth_cost": 0.48936170212765956,
     "median_asset_oos": 0.002297501675309622,
     "pooled_oos_mean": 0.005102017696636684,
     "pooled_oos_se": 0.0014420708827717148,
     "pooled_oos_win": 0.3954404728398536,
     "pooled_oos_jk5pct": -0.00875559266534604,
     "pooled_oos_n": 3553,
     "persistence": 0.6153846153846154,
     "median_hold_bars": 12
    },
    "ROC20": {
     "assets": 47,
     "breadth_pos": 0.6382978723404256,
     "breadth_cost": 0.425531914893617,
     "median_asset_oos": 0.0013525031943670324,
     "pooled_oos_mean": 0.0015223706500578445,
     "pooled_oos_se": 0.0011849237188637342,
     "pooled_oos_win": 0.40638297872340423,
     "pooled_oos_jk5pct": -0.010412850207518051,
     "pooled_oos_n": 4230,
     "persistence": 0.5128205128205128,
     "median_hold_bars": 12
    },
    "RSI_30_50": {
     "assets": 47,
     "breadth_pos": 0.5531914893617021,
     "breadth_cost": 0.46808510638297873,
     "median_asset_oos": 0.0014075058295780578,
     "pooled_oos_mean": 0.0014736073547979155,
     "pooled_oos_se": 0.001986261666490818,
     "pooled_oos_win": 0.436077057793345,
     "pooled_oos_jk5pct": -0.010283000300596123,
     "pooled_oos_n": 1713,
     "persistence": 0.3783783783783784,
     "median_hold_bars": 13
    },
    "BOLL_LO": {
     "assets": 47,
     "breadth_pos": 0.3404255319148936,
     "breadth_cost": 0.2765957446808511,
     "median_asset_oos": -0.0012421049657903019,
     "pooled_oos_mean": -0.0017020499454422462,
     "pooled_oos_se": 0.0014237808867720186,
     "pooled_oos_win": 0.4060344827586207,
     "pooled_oos_jk5pct": -0.014138000083335467,
     "pooled_oos_n": 3480,
     "persistence": 0.5384615384615384,
     "median_hold_bars": 13
    },
    "VOLEXP": {
     "assets": 47,
     "breadth_pos": 0.5957446808510638,
     "breadth_cost": 0.574468085106383,
     "median_asset_oos": 0.0040589555782296425,
     "pooled_oos_mean": 0.008191555557484692,
     "pooled_oos_se": 0.004646605490970576,
     "pooled_oos_win": 0.406570841889117,
     "pooled_oos_jk5pct": -0.007318274962928986,
     "pooled_oos_n": 487,
     "persistence": 0.5945945945945946,
     "median_hold_bars": 12
    },
    "NRBREAK": {
     "assets": 47,
     "breadth_pos": 0.5319148936170213,
     "breadth_cost": 0.425531914893617,
     "median_asset_oos": 0.0007494045483148154,
     "pooled_oos_mean": 0.0018517479820696241,
     "pooled_oos_se": 0.0011537501485102749,
     "pooled_oos_win": 0.39891846921797003,
     "pooled_oos_jk5pct": -0.010362537650874012,
     "pooled_oos_n": 4808,
     "persistence": 0.48717948717948717,
     "median_hold_bars": 12
    },
    "TRENDGATE": {
     "assets": 47,
     "breadth_pos": 0.574468085106383,
     "breadth_cost": 0.5106382978723404,
     "median_asset_oos": 0.0038944825096759285,
     "pooled_oos_mean": 0.0016828142589839007,
     "pooled_oos_se": 0.0016486509660616387,
     "pooled_oos_win": 0.4007386888273315,
     "pooled_oos_jk5pct": -0.010030310584136783,
     "pooled_oos_n": 2166,
     "persistence": 0.5263157894736842,
     "median_hold_bars": 12
    }
   },
   "1h": {
    "MA20_100": {
     "assets": 47,
     "breadth_pos": 0.44680851063829785,
     "breadth_cost": 0.2127659574468085,
     "median_asset_oos": -0.0002585063055071018,
     "pooled_oos_mean": -0.00047840617720613894,
     "pooled_oos_se": 0.0007956722006618058,
     "pooled_oos_win": 0.3564493758668516,
     "pooled_oos_jk5pct": -0.008524511365235288,
     "pooled_oos_n": 3605,
     "persistence": 0.6666666666666666,
     "median_hold_bars": 14
    },
    "DONCH20": {
     "assets": 47,
     "breadth_pos": 0.2978723404255319,
     "breadth_cost": 0.0851063829787234,
     "median_asset_oos": -0.002003236725931239,
     "pooled_oos_mean": -0.001244025674932917,
     "pooled_oos_se": 0.0004587721492960209,
     "pooled_oos_win": 0.34682325109834405,
     "pooled_oos_jk5pct": -0.009276345785028528,
     "pooled_oos_n": 11836,
     "persistence": 0.625,
     "median_hold_bars": 13
    },
    "ROC20": {
     "assets": 47,
     "breadth_pos": 0.10638297872340426,
     "breadth_cost": 0.02127659574468085,
     "median_asset_oos": -0.002220757094598959,
     "pooled_oos_mean": -0.0022135213902073365,
     "pooled_oos_se": 0.0003683183139980353,
     "pooled_oos_win": 0.3439101179085129,
     "pooled_oos_jk5pct": -0.009658768633059468,
     "pooled_oos_n": 16199,
     "persistence": 0.475,
     "median_hold_bars": 13
    },
    "RSI_30_50": {
     "assets": 47,
     "breadth_pos": 0.14893617021276595,
     "breadth_cost": 0.06382978723404255,
     "median_asset_oos": -0.0025722807603943405,
     "pooled_oos_mean": -0.00324050152846349,
     "pooled_oos_se": 0.0006608245273072856,
     "pooled_oos_win": 0.3676061238691719,
     "pooled_oos_jk5pct": -0.010685812746930208,
     "pooled_oos_n": 5748,
     "persistence": 0.725,
     "median_hold_bars": 14
    },
    "BOLL_LO": {
     "assets": 47,
     "breadth_pos": 0.2978723404255319,
     "breadth_cost": 0.0425531914893617,
     "median_asset_oos": -0.0015411222171524141,
     "pooled_oos_mean": -0.0015842415785406645,
     "pooled_oos_se": 0.0004421600488355848,
     "pooled_oos_win": 0.3535814090307398,
     "pooled_oos_jk5pct": -0.009653929483490222,
     "pooled_oos_n": 13598,
     "persistence": 0.525,
     "median_hold_bars": 14
    },
    "VOLEXP": {
     "assets": 47,
     "breadth_pos": 0.48936170212765956,
     "breadth_cost": 0.40425531914893614,
     "median_asset_oos": -0.0010930729689941027,
     "pooled_oos_mean": 7.512588263531285e-06,
     "pooled_oos_se": 0.0012855376161015732,
     "pooled_oos_win": 0.36070528967254406,
     "pooled_oos_jk5pct": -0.008792422150955513,
     "pooled_oos_n": 1985,
     "persistence": 0.41025641025641024,
     "median_hold_bars": 14
    },
    "NRBREAK": {
     "assets": 47,
     "breadth_pos": 0.1702127659574468,
     "breadth_cost": 0.02127659574468085,
     "median_asset_oos": -0.002318649769716417,
     "pooled_oos_mean": -0.002513915055292868,
     "pooled_oos_se": 0.0003762984170714671,
     "pooled_oos_win": 0.34330794341675736,
     "pooled_oos_jk5pct": -0.01009878234617097,
     "pooled_oos_n": 16542,
     "persistence": 0.575,
     "median_hold_bars": 13
    },
    "TRENDGATE": {
     "assets": 47,
     "breadth_pos": 0.2127659574468085,
     "breadth_cost": 0.06382978723404255,
     "median_asset_oos": -0.0017931130086150592,
     "pooled_oos_mean": -0.001957702966869254,
     "pooled_oos_se": 0.0005184829494705976,
     "pooled_oos_win": 0.33984150683358216,
     "pooled_oos_jk5pct": -0.0097570708574942,
     "pooled_oos_n": 8707,
     "persistence": 0.675,
     "median_hold_bars": 13
    }
   },
   "1d": {
    "MA20_100": {
     "assets": 27,
     "breadth_pos": 0.5555555555555556,
     "breadth_cost": 0.48148148148148145,
     "median_asset_oos": 0.0015555312349774854,
     "pooled_oos_mean": 0.02612695063614588,
     "pooled_oos_se": 0.014846323577194087,