{
  "model": "HGB",
  "oos_auc": 0.48792348471443625,
  "slices_hgb": {
    "n_slices": 400,
    "ml_pos_rate": 0.4475,
    "bh_pos_rate": 0.53,
    "ml_mean": 0.005573939878651597,
    "bh_mean": 0.007690650939980731,
    "ml_median": 0.0,
    "bh_median": 0.004276168102338484,
    "ml_vs_bh_wr": 0.4325,
    "avg_exposure": 0.91,
    "ml_when_inv": 0.006125208657858898,
    "down_weeks": 188,
    "down_pct": 0.47,
    "cash_in_down": 0.09042553191489362,
    "ml_ret_in_down": -0.06175276871018358,
    "ml_ret_in_up": 0.06527875692912806,
    "bh_ret_in_down": -0.0701506146404597
  },
  "slices_lr": {
    "n_slices": 400,
    "ml_pos_rate": 0.3925,
    "bh_pos_rate": 0.53,
    "ml_mean": 0.0014806796142238692,
    "bh_mean": 0.007690650939980731,
    "ml_median": 0.0,
    "bh_median": 0.004276168102338484,
    "ml_vs_bh_wr": 0.4125,
    "avg_exposure": 0.8025,
    "ml_when_inv": 0.0018450836314316142,
    "down_weeks": 188,
    "down_pct": 0.47,
    "cash_in_down": 0.1702127659574468,
    "ml_ret_in_down": -0.06013464145718217,
    "ml_ret_in_up": 0.05612068131905564,
    "bh_ret_in_down": -0.0701506146404597
  },
  "bh_pos_rate": 0.53,
  "bh_mean": 0.007690650939980731,
  "beats_pos_rate": false,
  "beats_mean": false
}