{
  "thresholds": [
    0.05
  ],
  "tfs": [
    "15m"
  ],
  "summary": {
    "15m": {
      "0.05": {
        "EMA": {
          "cadence": "15m",
          "ma_type": "EMA",
          "threshold": 0.05,
          "n_band": 65,
          "n_moves": 389,
          "n_assets_active": 7,
          "coverage": 0.54,
          "mean_entry_lag": 0.609,
          "mean_null_lag": 0.525,
          "lag_delta": 0.085,
          "lag_delta_pval": 0.0,
          "raw_capture_mean": 0.305,
          "weighted_capture_mean": 0.314,
          "net_pct_per_trade": 3.035,
          "coverage_by_size": {
            "5-10%": {
              "n": 275,
              "coverage": 0.5418181818181819,
              "entry_lag": 0.6166647412435904
            },
            "10-20%": {
              "n": 90,
              "coverage": 0.5333333333333333,
              "entry_lag": 0.6150972194697819
            },
            "20%+": {
              "n": 24,
              "coverage": 0.5416666666666666,
              "entry_lag": 0.50562324477488
            }
          }
        },
        "SMA": {
          "cadence": "15m",
          "ma_type": "SMA",
          "threshold": 0.05,
          "n_band": 52,
          "n_moves": 389,
          "n_assets_active": 7,
          "coverage": 0.519,
          "mean_entry_lag": 0.624,
          "mean_null_lag": 0.525,
          "lag_delta": 0.099,
          "lag_delta_pval": 0.0,
          "raw_capture_mean": 0.28,
          "weighted_capture_mean": 0.292,
          "net_pct_per_trade": 2.827,
          "coverage_by_size": {
            "5-10%": {
              "n": 275,
              "coverage": 0.509090909090909,
              "entry_lag": 0.6372541872357447
            },
            "10-20%": {
              "n": 90,
              "coverage": 0.5444444444444444,
              "entry_lag": 0.6128691819517804
            },
            "20%+": {
              "n": 24,
              "coverage": 0.5416666666666666,
              "entry_lag": 0.507967559157762
            }
          }
        },
        "WMA": {
          "cadence": "15m",
          "ma_type": "WMA",
          "threshold": 0.05,
          "n_band": 46,
          "n_moves": 389,
          "n_assets_active": 7,
          "coverage": 0.56,
          "mean_entry_lag": 0.604,
          "mean_null_lag": 0.525,
          "lag_delta": 0.079,
          "lag_delta_pval": 0.0,
          "raw_capture_mean": 0.306,
          "weighted_capture_mean": 0.316,
          "net_pct_per_trade": 3.055,
          "coverage_by_size": {
            "5-10%": {
              "n": 275,
              "coverage": 0.5563636363636364,
              "entry_lag": 0.6158291941061715
            },
            "10-20%": {
              "n": 90,
              "coverage": 0.5666666666666667,
              "entry_lag": 0.5956095986343185
            },
            "20%+": {
              "n": 24,
              "coverage": 0.5833333333333334,
              "entry_lag": 0.4986415971491492
            }
          }
        },
        "HMA": {
          "cadence": "15m",
          "ma_type": "HMA",
          "threshold": 0.05,
          "n_band": 20,
          "n_moves": 389,
          "n_assets_active": 7,
          "coverage": 0.666,
          "mean_entry_lag": 0.535,
          "mean_null_lag": 0.525,
          "lag_delta": 0.01,
          "lag_delta_pval": 0.2953,
          "raw_capture_mean": 0.297,
          "weighted_capture_mean": 0.294,
          "net_pct_per_trade": 2.823,
          "coverage_by_size": {
            "5-10%": {
              "n": 275,
              "coverage": 0.68,
              "entry_lag": 0.5398088615373074
            },
            "10-20%": {
              "n": 90,
              "coverage": 0.6222222222222222,
              "entry_lag": 0.5566470083900716
            },
            "20%+": {
              "n": 24,
              "coverage": 0.6666666666666666,
              "entry_lag": 0.39703206931784213
            }
          }
        },
        "DEMA": {
          "cadence": "15m",
          "ma_type": "DEMA",
          "threshold": 0.05,
          "n_band": 35,
          "n_moves": 389,
          "n_assets_active": 7,
          "coverage": 0.627,
          "mean_entry_lag": 0.594,
          "mean_null_lag": 0.525,
          "lag_delta": 0.07,
          "lag_delta_pval": 0.0003,
          "raw_capture_mean": 0.296,
          "weighted_capture_mean": 0.304,
          "net_pct_per_trade": 2.937,
          "coverage_by_size": {
            "5-10%": {
              "n": 275,
              "coverage": 0.6290909090909091,
              "entry_lag": 0.6141053218064626
            },
            "10-20%": {
              "n": 90,
              "coverage": 0.6222222222222222,
              "entry_lag": 0.5669788349778798
            },
            "20%+": {
              "n": 24,
              "coverage": 0.625,
              "entry_lag": 0.47185888555866473
            }
          }
        },
        "TEMA": {
          "cadence": "15m",
          "ma_type": "TEMA",
          "threshold": 0.05,
          "n_band": 20,
          "n_moves": 389,
          "n_assets_active": 7,
          "coverage": 0.648,
          "mean_entry_lag": 0.562,
          "mean_null_lag": 0.525,
          "lag_delta": 0.037,
          "lag_delta_pval": 0.0279,
          "raw_capture_mean": 0.29,
          "weighted_capture_mean": 0.292,
          "net_pct_per_trade": 2.81,
          "coverage_by_size": {
            "5-10%": {
              "n": 275,
              "coverage": 0.6618181818181819,
              "entry_lag": 0.570071086680876
            },
            "10-20%": {
              "n": 90,
              "coverage": 0.6,
              "entry_lag": 0.5783187401259403
            },
            "20%+": {
              "n": 24,
              "coverage": 0.6666666666666666,
              "entry_lag": 0.408339334427569
            }
          }
        },
        "KAMA": {
          "cadence": "15m",
          "ma_type": "KAMA",
          "threshold": 0.05,
          "n_band": 47,
          "n_moves": 389,
          "n_assets_active": 7,
          "coverage": 0.509,
          "mean_entry_lag": 0.629,
          "mean_null_lag": 0.525,
          "lag_delta": 0.105,
          "lag_delta_pval": 0.0,
          "raw_capture_mean": 0.271,
          "weighted_capture_mean": 0.281,
          "net_pct_per_trade": 2.714,
          "coverage_by_size": {
            "5-10%": {
              "n": 275,
              "coverage": 0.49818181818181817,
              "entry_lag": 0.6490530620685482
            },
            "10-20%": {
              "n": 90,
              "coverage": 0.5333333333333333,
              "entry_lag": 0.6007250321873238
            },
            "20%+": {
              "n": 24,
              "coverage": 0.5416666666666666,
              "entry_lag": 0.5092889747160686
            }
          }
        },
        "VIDYA": {
          "cadence": "15m",
          "ma_type": "VIDYA",
          "threshold": 0.05,
          "n_band": 102,
          "n_moves": 389,
          "n_assets_active": 7,
          "coverage": 0.478,
          "mean_entry_lag": 0.638,
          "mean_null_lag": 0.525,
          "lag_delta": 0.114,
          "lag_delta_pval": 0.0,
          "raw_capture_mean": 0.272,
          "weighted_capture_mean": 0.279,
          "net_pct_per_trade": 2.707,
          "coverage_by_size": {
            "5-10%": {
              "n": 275,
              "coverage": 0.46545454545454545,
              "entry_lag": 0.6529538013674747
            },
            "10-20%": {
              "n": 90,
              "coverage": 0.5,
              "entry_lag": 0.6240447784360973
            },