{
  "base_router": {
    "pos_rate": 50.73333333333333,
    "null_mean": 44.217000000000006,
    "null_std": 1.5604414973547285,
    "Z": 4.18,
    "beats_null": true
  },
  "ens_simple": {
    "pos_rate": 50.46666666666667,
    "mean": 0.9366666666666666,
    "p05": -8.933333333333334,
    "null_mean": 44.207,
    "null_std": 1.5490699360153717,
    "Z": 4.04,
    "beats_null": true
  },
  "two_sleeve_0.8": {
    "pos_rate": 48.26666666666667,
    "mean": 0.8466666666666667,
    "p05": -9.12,
    "null_mean": 43.55166666666667,
    "null_std": 1.508022067330434,
    "Z": 3.13,
    "beats_null": true
  },
  "conv_base_0.2": {
    "pos_rate": 51.0,
    "mean": 0.8966666666666668,
    "p05": -8.543333333333335,
    "null_mean": 44.46200000000001,
    "null_std": 1.5397764628528245,
    "Z": 4.25,
    "beats_null": true
  }
}