{
 "repro": {
  "command": "python C:\\Users\\karab\\Documents\\coding\\v4_crypto_stystem\\src\\strat\\regime_dna_lab.py --universe u10 --cadence 1d --regime trend",
  "git_sha": "6924d09"
 },
 "result": {
  "universe": "u10",
  "cadence": "1d",
  "regime_mode": "trend",
  "sysA_up_down": {
   "TRAIN": {
    "UP": {
     "n": 133,
     "mean": 0.3455055912852662,
     "median": -0.004726483132997214,
     "se": 0.15046248882978544,
     "win": 0.46616541353383456,
     "pf": 8.915710163729088,
     "sum": 45.9522436409404,
     "jk_drop_top5pct_mean": 0.06399670329077205,
     "n_eff_pos": 6.444766947907065
    },
    "DOWN": {
     "n": 111,
     "mean": 0.18489549713281073,
     "median": 0.046142947259422765,
     "se": 0.050747455448958464,
     "win": 0.5495495495495496,
     "pf": 5.463799182676888,
     "sum": 20.52340018174199,
     "jk_drop_top5pct_mean": 0.07223504498139355,
     "n_eff_pos": 18.16661896552021
    }
   },
   "OOS": {
    "UP": {
     "n": 57,
     "mean": 0.1201253443435726,
     "median": -0.037247029770887716,
     "se": 0.06172849114911544,
     "win": 0.3508771929824561,
     "pf": 3.291854675175966,
     "sum": 6.847144627583638,
     "jk_drop_top5pct_mean": 0.023534299603373738,
     "n_eff_pos": 7.53419879735397
    },
    "DOWN": {
     "n": 43,
     "mean": -0.019721901503682505,
     "median": -0.04559048687457927,
     "se": 0.017726717131090877,
     "win": 0.32558139534883723,
     "pf": 0.6552310059671003,
     "sum": -0.8480417646583478,
     "jk_drop_top5pct_mean": -0.03582409768619263,
     "n_eff_pos": 8.317166807589313
    }
   },
   "UNSEEN": {
    "UP": {
     "n": 24,
     "mean": -0.00907055861366199,
     "median": -0.024418130003641667,
     "se": 0.025192488788329668,
     "win": 0.375,
     "pf": 0.8198521834323492,
     "sum": -0.21769340672788778,
     "jk_drop_top5pct_mean": -0.024713979212347578,
     "n_eff_pos": 4.696291042371259
    },
    "DOWN": {
     "n": 43,
     "mean": -0.027418201617101224,
     "median": -0.04551961004874398,
     "se": 0.01078838541376019,
     "win": 0.2558139534883721,
     "pf": 0.40955739817267467,
     "sum": -1.1789826695353527,
     "jk_drop_top5pct_mean": -0.03593287297081513,
     "n_eff_pos": 7.953645792017122
    }
   }
  },
  "n_assets": 10,
  "regimes": [
   "DOWN",
   "UP"
  ],
  "selection": {
   "pooled_cfg": "EMA_20_100/sig",
   "per_asset_cfg": {
    "BTCUSDT": "RSI14_30_50/sig",
    "ETHUSDT": "EMA_20_100/sig",
    "SOLUSDT": "DONCH_20_10/sig",
    "BNBUSDT": "EMA_20_100/sig",
    "XRPUSDT": "EMA_20_100/stop",
    "DOGEUSDT": "EMA_20_100/sig",
    "ADAUSDT": "EMA_20_100/sig",
    "AVAXUSDT": "DONCH_20_10/sig",
    "LINKUSDT": "EMA_20_100/sig",
    "LTCUSDT": "EMA_20_100/sig"
   },
   "n_regime_cells": 20
  },
  "systems": {
   "SYS_C_pooled": {
    "TRAIN": {
     "n": 81,
     "mean": 1.7370308957090141,
     "median": -0.06876737065797638,
     "se": 0.9707661128171458,
     "win": 0.4074074074074074,
     "pf": 21.829918601470375,
     "sum": 140.69950255243015,
     "jk_drop_top5pct_mean": 0.3549928115558444,
     "n_eff_pos": 3.383443729187414
    },
    "OOS": {
     "n": 33,
     "mean": 0.058881753545707426,
     "median": -0.07731408934707899,
     "se": 0.07429816289382908,
     "win": 0.30303030303030304,
     "pf": 1.6592303255711849,
     "sum": 1.943097867008345,
     "jk_drop_top5pct_mean": -0.030649235147097907,
     "n_eff_pos": 4.2271768886957855
    },
    "UNSEEN": {
     "n": 10,
     "mean": -0.06380920997454338,
     "median": -0.05294718573943118,
     "se": 0.03305050057786429,
     "win": 0.1,
     "pf": 0.2059979303742837,
     "sum": -0.6380920997454338,
     "jk_drop_top5pct_mean": -0.08929337202780611,
     "n_eff_pos": 1.0
    },
    "breadth_OOS": {
     "pos": 5,
     "tot": 9
    },
    "breadth_UNSEEN": {
     "pos": 0,
     "tot": 0
    }
   },
   "SYS_B_per_asset": {
    "TRAIN": {
     "n": 115,
     "mean": 1.220535417575241,
     "median": -0.02984216157279644,
     "se": 0.6856753061513516,
     "win": 0.43478260869565216,
     "pf": 18.33753767974519,
     "sum": 140.3615730211527,
     "jk_drop_top5pct_mean": 0.18718866400031067,
     "n_eff_pos": 3.4503642425810757
    },
    "OOS": {
     "n": 46,
     "mean": 0.06215102037756853,
     "median": -0.05195404376938127,
     "se": 0.057601940511725104,
     "win": 0.391304347826087,
     "pf": 1.8994216287877168,
     "sum": 2.8589469373681524,
     "jk_drop_top5pct_mean": -0.004343766800532798,
     "n_eff_pos": 5.426072091559776
    },
    "UNSEEN": {
     "n": 24,
     "mean": -0.033248207710759155,
     "median": -0.04578033863123475,
     "se": 0.017606638828990204,
     "win": 0.20833333333333334,
     "pf": 0.3798225034168434,
     "sum": -0.7979569850582197,
     "jk_drop_top5pct_mean": -0.044782477474728195,
     "n_eff_pos": 3.3564494396460898
    },
    "breadth_OOS": {
     "pos": 6,
     "tot": 9
    },
    "breadth_UNSEEN": {
     "pos": 0,
     "tot": 2
    }
   },
   "SYS_A_regime_sw": {
    "TRAIN": {
     "n": 244,
     "mean": 0.2724411632077148,
     "median": 0.0017847834571208111,
     "se": 0.08535534787422314,
     "win": 0.5040983606557377,
     "pf": 7.390083604415027,
     "sum": 66.4756438226824,
     "jk_drop_top5pct_mean": 0.07281612197940543,
     "n_eff_pos": 13.122427596846544
    },
    "OOS": {
     "n": 100,
     "mean": 0.05999102862925291,
     "median": -0.03871221599409573,
     "se": 0.036661127432981916,
     "win": 0.34,
     "pf": 2.101290552747907,
     "sum": 5.999102862925291,
     "jk_drop_top5pct_mean": -0.010448084489245672,
     "n_eff_pos": 9.963523994383708
    },
    "UNSEEN": {
     "n": 67,
     "mean": -0.020845911586018517,
     "median": -0.04390525733259547,
     "se": 0.011425019343849754,
     "win": 0.29850746268656714,
     "pf": 0.5642459065410349,
     "sum": -1.3966760762632406,
     "jk_drop_top5pct_mean": -0.033304033186189574,
     "n_eff_pos": 11.159603629584035
    },
    "breadth_OOS": {
     "pos": 8,
     "tot": 10
    },
    "breadth_UNSEEN": {
     "pos": 2,
     "tot": 10
    }
   }
  },
  "stability_Q3": {
   "n_cells": 20,
   "OOS_cells_evaluable": 19,
   "OOS_frac_positive": 0.5789473684210527,
   "UNSEEN_cells_evaluable": 12,
   "UNSEEN_frac_positive": 0.16666666666666666,
   "OOS_null_frac_positive_mean": 0.692280701754386
  }
 }
}