{
  "results": {
    "ungated": {
      "TRAIN": 891.1440446876131,
      "VAL": 17.62918930141193,
      "OOS": -8.446573738311292,
      "UNSEEN": -9.362872420792312,
      "TV": 1065.874704575263
    },
    "contra_g>0.5": {
      "TRAIN": 949.3407369577097,
      "VAL": 12.818480110752883,
      "OOS": -4.33049341545777,
      "UNSEEN": -8.00769825642792,
      "TV": 1083.8502706186614
    },
    "contra_g>1.0": {
      "TRAIN": 932.6005644344141,
      "VAL": 17.897480716242153,
      "OOS": -8.061306625783093,
      "UNSEEN": -7.997708487671096,
      "TV": 1117.4100513298708
    },
    "contra_g>1.5": {
      "TRAIN": 915.3349795919514,
      "VAL": 17.209346429383345,
      "OOS": -8.6688853370262,
      "UNSEEN": -9.088775049542697,
      "TV": 1090.067493648639
    },
    "na_block": {
      "TRAIN": 8.836377269714447,
      "VAL": 17.62918930141193,
      "OOS": -8.446573738311292,
      "UNSEEN": -9.362872420792312,
      "TV": 28.023348247391276
    }
  },
  "best": "contra_g>1.0",
  "null": {
    "mean": -8.266826795170315,
    "p05": -9.403979693344317,
    "p50": -8.473444403318519,
    "p_sh_ge_gated": 0.35
  },
  "timing_skill": 0.2055201693872224,
  "exposure_reduction": 0.1797469431409766
}