{
  "results": {
    "ungated": {
      "TRAIN": 891.1440446876131,
      "TRAIN_cagr": 163.4,
      "TRAIN_n": 494,
      "VAL": 17.62918930141193,
      "VAL_cagr": 21.54,
      "VAL_n": 102,
      "OOS": -8.446573738311292,
      "OOS_cagr": -10.49,
      "OOS_n": 97,
      "UNSEEN": -9.362872420792312,
      "UNSEEN_cagr": -21.04,
      "UNSEEN_n": 48,
      "TRAINVAL": 1065.874704575263
    },
    "contra_z>0.5": {
      "TRAIN": 767.4716449206473,
      "TRAIN_cagr": 148.99,
      "TRAIN_n": 459,
      "VAL": 0.170895115796732,
      "VAL_cagr": 0.21,
      "VAL_n": 74,
      "OOS": 0.375011582669571,
      "OOS_cagr": 0.47,
      "OOS_n": 75,
      "UNSEEN": -9.026631187468448,
      "UNSEEN_cagr": -20.33,
      "UNSEEN_n": 42,
      "TRAINVAL": 768.9541115927382
    },
    "contra_z>1.0": {
      "TRAIN": 832.6362735963208,
      "TRAIN_cagr": 156.72,
      "TRAIN_n": 483,
      "VAL": 9.625050564004333,
      "VAL_cagr": 11.67,
      "VAL_n": 96,
      "OOS": -4.781953343813006,
      "OOS_cagr": -5.97,
      "OOS_n": 92,
      "UNSEEN": -9.984952489881394,
      "UNSEEN_cagr": -22.34,
      "UNSEEN_n": 47,
      "TRAINVAL": 922.4029865082123
    },
    "contra_z>1.5": {
      "TRAIN": 853.6159336012361,
      "TRAIN_cagr": 159.15,
      "TRAIN_n": 492,
      "VAL": 19.073739332114627,
      "VAL_cagr": 23.34,
      "VAL_n": 100,
      "OOS": -9.562590754468614,
      "OOS_cagr": -11.85,
      "OOS_n": 97,
      "UNSEEN": -9.673846466398306,
      "UNSEEN_cagr": -21.69,
      "UNSEEN_n": 47,
      "TRAINVAL": 1035.506151005847
    },
    "protrend_z<-0.5": {
      "TRAIN": 876.6095720615816,
      "TRAIN_cagr": 161.77,
      "TRAIN_n": 484,
      "VAL": 17.69491304145374,
      "VAL_cagr": 21.62,
      "VAL_n": 96,
      "OOS": -5.904817487547199,
      "OOS_cagr": -7.35,
      "OOS_n": 92,
      "UNSEEN": -8.11973962253596,
      "UNSEEN_cagr": -18.41,
      "UNSEEN_n": 45,
      "TRAINVAL": 1049.4197865923918
    },
    "protrend_z<-1.0": {
      "TRAIN": 898.7305868066576,
      "TRAIN_cagr": 164.25,
      "TRAIN_n": 491,
      "VAL": 17.0339402768551,
      "VAL_cagr": 20.8,
      "VAL_n": 100,
      "OOS": -6.905874277538171,
      "OOS_cagr": -8.59,
      "OOS_n": 96,
      "UNSEEN": -9.052169510976714,
      "UNSEEN_cagr": -20.39,
      "UNSEEN_n": 47,
      "TRAINVAL": 1068.8537584899882
    },
    "mid_band_only": {
      "TRAIN": 851.7515190325655,
      "TRAIN_cagr": 158.93,
      "TRAIN_n": 492,
      "VAL": 19.704836558630532,
      "VAL_cagr": 24.12,
      "VAL_n": 99,
      "OOS": -7.834435446988508,
      "OOS_cagr": -9.73,
      "OOS_n": 96,
      "UNSEEN": -9.865890228957486,
      "UNSEEN_cagr": -22.09,
      "UNSEEN_n": 47,
      "TRAINVAL": 1039.292600302216
    },
    "lsr_na_block": {
      "TRAIN": 42.96440689758059,
      "TRAIN_cagr": 16.29,
      "TRAIN_n": 193,
      "VAL": 17.62918930141193,
      "VAL_cagr": 21.54,
      "VAL_n": 102,
      "OOS": -8.446573738311292,
      "OOS_cagr": -10.49,
      "OOS_n": 97,
      "UNSEEN": -9.362872420792312,
      "UNSEEN_cagr": -21.04,
      "UNSEEN_n": 48,
      "TRAINVAL": 68.16787282319588
    }
  },
  "best_on_trainval": "protrend_z<-1.0",
  "null_oos": {
    "mean": -8.299047615159502,
    "p05": -9.397033668354416,
    "p50": -8.484125578467427,
    "p95": -6.797363141229001,
    "p_sh_ge_gated": 0.068
  },
  "timing_skill_oos_pp": 1.3931733376213309,
  "exposure_reduction_oos_pp": 0.14752612315179015
}