{
 "tool": "config_map_lab",
 "git_sha": "202ac6ed71c03501aba591b2ec42461f6a047831",
 "seed": 7,
 "params": {
  "cadences": [
   "4h"
  ],
  "m2_config": "EMA_50_200",
  "top_k": 6,
  "user_bar": "median net per traded week in [1%,5%]"
 },
 "priors_cited": [
  "D45",
  "vol->config NULL",
  "matched-filter REFUTED",
  "regime-switch NULL",
  "weekly oracle non-persistence (prelim)"
 ],
 "report": {
  "4h": {
   "oracle": {
    "TRAIN": {
     "n_weeks": 1669,
     "oracle_net_median": 0.01912080344332852,
     "oracle_net_mean": 0.06062184396591015,
     "pct_weeks_oracle_pos": 68.2
    },
    "OOS": {
     "n_weeks": 780,
     "oracle_net_median": 0.019675543987945604,
     "oracle_net_mean": 0.04771106265092919,
     "pct_weeks_oracle_pos": 72.7
    }
   },
   "generators": {
    "M0|TRAIN": {
     "n_traded": 1669,
     "n_weeks": 1669,
     "n_actual_trades": 1224,
     "net_median_actual_trades": -0.005257700480141611,
     "in_user_band_actual_trades": false,
     "pct_weeks_traded": 100.0,
     "net_median": 0.0,
     "net_mean": 0.018138128319409343,
     "win_rate": 0.3397243858597963,
     "in_user_band_1_5pct": false,
     "capture_median": 0.11976297102608219,
     "breadth_pos_median": 0,
     "breadth_tot": 10,
     "jk_drop_top3_mean": 0.01571822885675176,
     "per_asset_median": {
      "BTCUSDT": 0.0,
      "ETHUSDT": 0.0,
      "SOLUSDT": 0.0,
      "BNBUSDT": 0.0,
      "XRPUSDT": -0.0017377209321578911,
      "DOGEUSDT": -0.010707227062269384,
      "ADAUSDT": 0.0,
      "AVAXUSDT": 0.0,
      "LINKUSDT": -0.010675956115329802,
      "LTCUSDT": 0.0
     },
     "sum_net": 30.27253616509419
    },
    "M1|TRAIN": {
     "n_traded": 1139,
     "n_weeks": 1669,
     "n_actual_trades": 1032,
     "net_median_actual_trades": -0.015425701504633169,
     "in_user_band_actual_trades": false,
     "pct_weeks_traded": 68.2,
     "net_median": -0.008175915800075345,
     "net_mean": 0.01499758741748442,
     "win_rate": 0.3678665496049166,
     "in_user_band_1_5pct": false,
     "capture_median": 0.3140691398718277,
     "breadth_pos_median": 0,
     "breadth_tot": 10,
     "jk_drop_top3_mean": 0.011490094540667385,
     "per_asset_median": {
      "BTCUSDT": -0.01268097911636254,
      "ETHUSDT": -0.0027213359876851057,
      "SOLUSDT": -0.008631800472327908,
      "BNBUSDT": -0.0059674061198294395,
      "XRPUSDT": -0.010278884758321491,
      "DOGEUSDT": -0.008175915800075345,
      "ADAUSDT": -0.008552705945765612,
      "AVAXUSDT": 0.0,
      "LINKUSDT": -0.01167999322235181,
      "LTCUSDT": -0.008719358816276099
     },
     "sum_net": 17.082252068514755
    },
    "M2|TRAIN": {
     "n_traded": 437,
     "n_weeks": 1669,
     "n_actual_trades": 358,
     "net_median_actual_trades": 0.00628418346359523,
     "in_user_band_actual_trades": false,
     "pct_weeks_traded": 26.2,
     "net_median": 0.0,
     "net_mean": 0.044096240253243296,
     "win_rate": 0.43935926773455375,
     "in_user_band_1_5pct": false,
     "capture_median": 0.8064966921211406,
     "breadth_pos_median": 1,
     "breadth_tot": 10,
     "jk_drop_top3_mean": 0.035116480000808095,
     "per_asset_median": {
      "BTCUSDT": 0.0,
      "ETHUSDT": 0.0,
      "SOLUSDT": 0.021587895776094393,
      "BNBUSDT": 0.0,
      "XRPUSDT": 0.0,
      "DOGEUSDT": 0.0,
      "ADAUSDT": 0.0,
      "AVAXUSDT": 0.0,
      "LINKUSDT": 0.0,
      "LTCUSDT": 0.0
     },
     "sum_net": 19.27005699066732
    },
    "M3|TRAIN": {
     "n_traded": 918,
     "n_weeks": 1669,
     "n_actual_trades": 918,
     "net_median_actual_trades": 0.0629436916704435,
     "in_user_band_actual_trades": false,
     "pct_weeks_traded": 55.0,
     "net_median": 0.0629436916704435,
     "net_mean": 0.1050561118862522,
     "win_rate": 1.0,
     "in_user_band_1_5pct": false,
     "capture_median": 1.0,
     "breadth_pos_median": 10,
     "breadth_tot": 10,
     "jk_drop_top3_mean": 0.10086390093359215,
     "per_asset_median": {
      "BTCUSDT": 0.045078619182213966,
      "ETHUSDT": 0.055332939422487695,
      "SOLUSDT": 0.0835916782246879,
      "BNBUSDT": 0.05836555023923436,
      "XRPUSDT": 0.062367697958497906,
      "DOGEUSDT": 0.04996227187446696,
      "ADAUSDT": 0.07074678448699064,
      "AVAXUSDT": 0.10430232264424118,
      "LINKUSDT": 0.06373972783556998,
      "LTCUSDT": 0.06499552771370881
     },
     "sum_net": 96.44151071157953
    },
    "M0|OOS": {
     "n_traded": 780,
     "n_weeks": 780,
     "n_actual_trades": 592,
     "net_median_actual_trades": -0.012060434381022195,
     "in_user_band_actual_trades": false,
     "pct_weeks_traded": 100.0,
     "net_median": 0.0,
     "net_mean": 0.004973343176790661,
     "win_rate": 0.3128205128205128,
     "in_user_band_1_5pct": false,
     "capture_median": 0.0,
     "breadth_pos_median": 0,
     "breadth_tot": 10,
     "jk_drop_top3_mean": 0.0021306065493755543,
     "per_asset_median": {
      "BTCUSDT": 0.0,
      "ETHUSDT": 0.0,
      "SOLUSDT": 0.0,
      "BNBUSDT": -5.704237735184464e-05,
      "XRPUSDT": -0.010720148239332136,
      "DOGEUSDT": -0.006034632011657978,
      "ADAUSDT": 0.0,
      "AVAXUSDT": 0.0,
      "LINKUSDT": -0.0008607869742197837,
      "LTCUSDT": 0.0
     },
     "sum_net": 3.8792076778967157
    },
    "M1|OOS": {
     "n_traded": 558,
     "n_weeks": 780,
     "n_actual_trades": 495,
     "net_median_actual_trades": -0.015172129828423947,
     "in_user_band_actual_trades": false,
     "pct_weeks_traded": 71.5,
     "net_median": -0.007628070695020424,
     "net_mean": 0.0029364952516170873,
     "win_rate": 0.33154121863799285,
     "in_user_band_1_5pct": false,
     "capture_median": 0.0,
     "breadth_pos_median": 0,
     "breadth_tot": 10,
     "jk_drop_top3_mean": -0.001054346015548783,
     "per_asset_median": {
      "BTCUSDT": 0.0,
      "ETHUSDT": -0.007710435931307755,
      "SOLUSDT": -0.016944402433077127,
      "BNBUSDT": -0.009085677912949404,
      "XRPUSDT": -0.009284514238608585,
      "DOGEUSDT": -0.003949007836194646,
      "ADAUSDT": -0.01840466018058244,
      "AVAXUSDT": 0.0,
      "LINKUSDT": -0.009871182252533514,
      "LTCUSDT": -0.01171611305790786
     },
     "sum_net": 1.6385643504023348
    },
    "M2|OOS": {
     "n_traded": 234,
     "n_weeks": 780,
     "n_actual_trades": 173,
     "net_median_actual_trades": -0.00497254579131505,
     "in_user_band_actual_trades": false,
     "pct_weeks_traded": 30.0,
     "net_median": 0.0,
     "net_mean": 0.016442419957420715,
     "win_rate": 0.3547008547008547,
     "in_user_band_1_5pct": false,
     "capture_median": 0.2752706679449803,
     "breadth_pos_median": 0,
     "breadth_tot": 10,
     "jk_drop_top3_mean": 0.0070294367143053545,
     "per_asset_median": {
      "BTCUSDT": 0.0,
      "ETHUSDT": 0.0,
      "SOLUSDT": 0.0,
      "BNBUSDT": 0.0,
      "XRPUSDT": 0.0,
      "DOGEUSDT": 0.0,
      "ADAUSDT": 0.0,
      "AVAXUSDT": 0.0,
      "LINKUSDT": -0.010633962264150941,
      "LTCUSDT": -0.011564901320460085
     },
     "sum_net": 3.8475262700364476
    },
    "M3|OOS": {
     "n_traded": 209,
     "n_weeks": 780,
     "n_actual_trades": 203,
     "net_median_actual_trades": -0.005641311703507054,
     "in_user_band_actual_trades": false,
     "pct_weeks_traded": 26.8,
     "net_median": -0.005466375777237714,
     "net_mean": 0.013500278343626576,
     "win_rate": 0.430622009569378,
     "in_user_band_1_5pct": false,
     "capture_median": 0.49230587836851536,
     "breadth_pos_median": 2,
     "breadth_tot": 10,
     "jk_drop_top3_mean": 0.0070403460531744564,
     "per_asset_median": {
      "BTCUSDT": 0.006349560150343561,
      "ETHUSDT": -0.005641311703507054,
      "SOLUSDT": -0.0004645556169507745,
      "BNBUSDT": -0.00703576158940393,