{
 "tool": "mover_continuation",
 "git_sha": "7e7a46b6302b94b17b89ce6afa632b09c560389b",
 "seed": 7,
 "params": {
  "T": 0.015,
  "fwd_h_min": 240,
  "cont_further": 0.015,
  "decile_topk": 0.1,
  "features": [
   "oi_d1h",
   "oi_d4h",
   "oi_d24h",
   "liq_ratio",
   "liq_long_z",
   "liq_short_z",
   "liq_ls_asym",
   "funding",
   "aggr_imb",
   "aggr_accel",
   "run_accel",
   "overshoot",
   "t2trig",
   "pre_vol",
   "dayvol_ratio",
   "vol_surge",
   "regime",
   "btc_rel",
   "btc_r24h",
   "hour_utc"
  ],
  "mech_features": [
   "oi_d1h",
   "oi_d4h",
   "oi_d24h",
   "liq_ratio",
   "liq_long_z",
   "liq_short_z",
   "liq_ls_asym",
   "funding",
   "aggr_imb",
   "aggr_accel",
   "run_accel"
  ]
 },
 "n_assets": 2,
 "n_train": 1318,
 "n_oos": 580,
 "descriptive": {
  "fwd_ret_median_train": -0.0008748195422400573,
  "fwd_ret_median_oos": 2.6520343119784684e-05,
  "fwd_ret_mean_train": 0.001244455263687577,
  "fwd_ret_mean_oos": 0.001104306475293151,
  "p_fwd_up_train": 0.4779969650986343,
  "p_fwd_up_oos": 0.5,
  "fwd_h_min": 240
 },
 "angles": {
  "A1_dir_up": {
   "hgb_train": 0.8266692045035069,
   "hgb_oos": 0.49881688466111773,
   "logit_train": 0.5595191952750092,
   "logit_oos": 0.5299286563614745,
   "shuffled_oos_auc_mean": 0.4915529131985731,
   "shuffled_oos_auc_max": 0.5119262782401902,
   "perm_importance_oos": {
    "oi_d24h": 0.024042806183115384,
    "t2trig": 0.016652794292508932,
    "oi_d1h": 0.015778834720570734,
    "aggr_accel": 0.004458977407847842,
    "funding": 0.0021403091557670173,
    "overshoot": 0.0014922711058263927,
    "oi_d4h": 0.0009453032104637105,
    "btc_r24h": 0.0007491082045184561,
    "regime": 0.0,
    "hour_utc": 0.0,
    "aggr_imb": -0.0007728894173603118,
    "liq_ls_asym": -0.0012960760998811383,
    "btc_rel": -0.0015873959571938157,
    "run_accel": -0.0018489892984542289,
    "liq_long_z": -0.004244946492271029,
    "dayvol_ratio": -0.005683709869203302,
    "liq_short_z": -0.005903686087990523,
    "liq_ratio": -0.00714625445897743,
    "vol_surge": -0.01105231866825207,
    "pre_vol": -0.020219976218787128
   },
   "label": "A_dir_fwd_up",
   "train_pos_rate": 0.4779969650986343,
   "oos_pos_rate": 0.5,
   "n_train": 1318,
   "n_oos": 580
  },
  "A2_dir_reaches": {
   "hgb_train": 0.8820045282287844,
   "hgb_oos": 0.6454166666666667,
   "logit_train": 0.6631457871732471,
   "logit_oos": 0.6666517857142857,
   "shuffled_oos_auc_mean": 0.4933199404761905,
   "shuffled_oos_auc_max": 0.5633779761904762,
   "perm_importance_oos": {
    "run_accel": 0.02221726190476203,
    "overshoot": 0.016235119047619206,
    "aggr_accel": 0.015833333333333477,
    "pre_vol": 0.012946428571428692,
    "btc_r24h": 0.011934523809523978,
    "oi_d1h": 0.006949404761904754,
    "liq_ratio": 0.005922619047619149,
    "dayvol_ratio": 0.0055357142857144215,
    "regime": 0.002202380952381122,
    "vol_surge": 0.002127976190476333,
    "funding": 0.0020089285714287586,
    "btc_rel": 0.0015625000000000222,
    "t2trig": 0.0014732142857143415,
    "hour_utc": 0.0,
    "liq_short_z": -0.0012202380952381908,
    "oi_d24h": -0.0021577380952381153,
    "aggr_imb": -0.002455357142857051,
    "liq_ls_asym": -0.003214285714285614,
    "oi_d4h": -0.003273809523809401,
    "liq_long_z": -0.003630952380952346
   },
   "label": "A_dir_reaches_+1.5pct",
   "train_pos_rate": 0.3892261001517451,
   "oos_pos_rate": 0.27586206896551724,
   "n_train": 1318,
   "n_oos": 580
  },
  "A1m_dir_up_mech": {
   "hgb_train": 0.7900239940937615,
   "hgb_oos": 0.5094470868014269,
   "logit_train": 0.5434892949427833,
   "logit_oos": 0.5480142687277051,
   "shuffled_oos_auc_mean": 0.5017800237812129,
   "shuffled_oos_auc_max": 0.5296076099881094,
   "perm_importance_oos": {
    "oi_d1h": 0.014542211652794346,
    "liq_long_z": 0.012104637336504243,
    "run_accel": 0.012021403091557747,
    "aggr_imb": 0.003959571938168871,
    "funding": 0.002039239001189075,
    "oi_d4h": 0.0016230677764565993,
    "oi_d24h": -0.0023067776456598965,
    "aggr_accel": -0.0051367419738406195,
    "liq_short_z": -0.005594530321046287,
    "liq_ratio": -0.00876337693222351,
    "liq_ls_asym": -0.010624256837098667
   },
   "label": "A_dir_fwd_up_MECH_ONLY",
   "train_pos_rate": 0.4779969650986343,
   "oos_pos_rate": 0.5,
   "n_train": 1318,
   "n_oos": 580
  },
  "B1_mag": {
   "hgb_train": 0.9489132612294805,
   "hgb_oos": 0.6817859287156813,
   "logit_train": 0.7586516564160072,
   "logit_oos": 0.718683477976093,
   "shuffled_oos_auc_mean": 0.4765228426395939,
   "shuffled_oos_auc_max": 0.5749003875334316,
   "perm_importance_oos": {
    "pre_vol": 0.06459800229245116,
    "liq_long_z": 0.013768353255826482,
    "dayvol_ratio": 0.013686479995633327,
    "btc_rel": 0.013086076087549636,
    "vol_surge": 0.011721521750996056,
    "btc_r24h": 0.010493422848097733,
    "t2trig": 0.008241908192784031,
    "overshoot": 0.008132743845859824,
    "oi_d1h": 0.0031248294307077984,
    "liq_ratio": 0.0016920473773265332,
    "liq_ls_asym": 0.0007505048851044194,
    "funding": 0.0003411385841384229,
    "hour_utc": 0.0,
    "oi_d24h": -6.82277168277956e-05,
    "aggr_accel": -0.0007641504284702227,
    "liq_short_z": -0.0008733147753945403,
    "oi_d4h": -0.0014737186834781202,
    "aggr_imb": -0.00223786911194801,
    "run_accel": -0.003070247257245917,
    "regime": -0.005826647017084352
   },
   "label": "B_mag_absmove_gt_trainmed",
   "train_pos_rate": 0.5,
   "oos_pos_rate": 0.32068965517241377,
   "n_train": 1318,
   "n_oos": 580
  },
  "B1m_mag_mech": {
   "hgb_train": 0.8882417144659794,
   "hgb_oos": 0.5914114950057311,
   "logit_train": 0.6201215342140227,
   "logit_oos": 0.6733529829157796,
   "shuffled_oos_auc_mean": 0.4651315430380437,
   "shuffled_oos_auc_max": 0.5487145898149665,
   "perm_importance_oos": {
    "liq_long_z": 0.029719993450139204,
    "funding": 0.016661208449320397,
    "liq_short_z": 0.007259429070465506,
    "liq_ratio": 0.004584902570820337,
    "oi_d1h": 0.0031248294307079094,
    "oi_d4h": 0.003097538343976858,
    "run_accel": 0.0010507068391463203,
    "liq_ls_asym": -0.0012280989028983225,
    "oi_d24h": -0.002851918563397171,
    "aggr_imb": -0.004503029310627293,
    "aggr_accel": -0.005471862889580348
   },
   "label": "B_mag_absmove_MECH_ONLY",
   "train_pos_rate": 0.5,
   "oos_pos_rate": 0.32068965517241377,
   "n_train": 1318,
   "n_oos": 580
  },
  "C1_tail": {
   "hgb_train": 0.9111285706985538,
   "hgb_oos": 0.6361474435196195,
   "logit_train": 0.6731118094946087,
   "logit_oos": 0.6337067400963765,
   "shuffled_oos_auc_mean": 0.4659740909944302,
   "shuffled_oos_auc_max": 0.5198385380812316,
   "perm_importance_oos": {
    "dayvol_ratio": 0.04843857563051501,
    "vol_surge": 0.02102759872332438,
    "aggr_accel": 0.019901120220289115,
    "run_accel": 0.01608360973778089,
    "btc_r24h": 0.0068214531572688974,
    "oi_d4h": 0.006070467488578757,
    "liq_short_z": 0.00494398898554349,
    "regime": 0.003817510482508335,
    "t2trig": 0.002252957006070533,
    "liq_long_z": 0.0014393891983227602,
    "hour_utc": 0.0,
    "liq_ratio": -0.0005632392515175777,
    "overshoot": -0.0010013142249202245,
    "btc_rel": -0.0016271356154953232,
    "aggr_imb": -0.003817510482508335,
    "pre_vol": -0.00563239251517611,
    "oi_d24h": -0.007509856686901517,
    "liq_ls_asym": -0.007635020965016448,
    "funding": -0.012203517116215035,
    "oi_d1h": -0.019275298829714016
   },
   "label": "C_tail_topdecile_fwd_ret",
   "train_pos_rate": 0.10015174506828528,
   "oos_pos_rate": 0.05,
   "n_train": 1318,
   "n_oos": 580,
   "tail": {
    "k": 58,
    "n": 580,
    "base_rate_tail": 0.05,
    "precision_at_topk": 0.10344827586206896,
    "lift": 2.068965517241379,