{
 "tool": "mover_continuation",
 "git_sha": "dfbbed8ccf361ca8192f685b3920fd557643c275",
 "seed": 7,
 "params": {
  "T": 0.015,
  "fwd_h_min": 240,
  "cont_further": 0.015,
  "decile_topk": 0.1,
  "features": [
   "oi_d1h",
   "oi_d4h",
   "oi_d24h",
   "liq_ratio",
   "liq_long_z",
   "liq_short_z",
   "liq_ls_asym",
   "funding",
   "aggr_imb",
   "aggr_accel",
   "run_accel",
   "overshoot",
   "t2trig",
   "pre_vol",
   "dayvol_ratio",
   "vol_surge",
   "regime",
   "btc_rel",
   "btc_r24h",
   "hour_utc"
  ],
  "mech_features": [
   "oi_d1h",
   "oi_d4h",
   "oi_d24h",
   "liq_ratio",
   "liq_long_z",
   "liq_short_z",
   "liq_ls_asym",
   "funding",
   "aggr_imb",
   "aggr_accel",
   "run_accel"
  ]
 },
 "n_assets": 10,
 "n_train": 6727,
 "n_oos": 3226,
 "descriptive": {
  "fwd_ret_median_train": -0.0012881617931211897,
  "fwd_ret_median_oos": -0.000705232318822191,
  "fwd_ret_mean_train": 0.0006357694107387829,
  "fwd_ret_mean_oos": 0.00023223526280690004,
  "p_fwd_up_train": 0.4611268024379367,
  "p_fwd_up_oos": 0.47706137631742096,
  "fwd_h_min": 240
 },
 "angles": {
  "A1_dir_up": {
   "hgb_train": 0.7263663487405234,
   "hgb_oos": 0.4981689277751009,
   "logit_train": 0.5608988194490763,
   "logit_oos": 0.5184738394318361,
   "shuffled_oos_auc_mean": 0.5005497453484642,
   "shuffled_oos_auc_max": 0.5215474524639554,
   "perm_importance_oos": {
    "btc_r24h": 0.007935545025157087,
    "liq_ls_asym": 0.005367653034538122,
    "liq_short_z": 0.0034982569378725903,
    "funding": 0.003131772877714545,
    "regime": 0.0021153236556891164,
    "t2trig": 0.0014776837591135017,
    "btc_rel": 0.0012469701994343163,
    "oi_d4h": 0.0003478035799503454,
    "hour_utc": 0.0,
    "aggr_accel": -0.00010091310957582866,
    "oi_d1h": -0.000986984134687341,
    "run_accel": -0.0011331540777562155,
    "vol_surge": -0.0027887838545186394,
    "dayvol_ratio": -0.003026237793654185,
    "overshoot": -0.0038335426702609254,
    "liq_long_z": -0.00430748763718114,
    "pre_vol": -0.00465721703983335,
    "oi_d24h": -0.004864050398009745,
    "aggr_imb": -0.0056692368696444895,
    "liq_ratio": -0.010445084587910491
   },
   "label": "A_dir_fwd_up",
   "train_pos_rate": 0.4611268024379367,
   "oos_pos_rate": 0.47706137631742096,
   "n_train": 6727,
   "n_oos": 3226
  },
  "A2_dir_reaches": {
   "hgb_train": 0.7935588659345221,
   "hgb_oos": 0.6477228819541313,
   "logit_train": 0.6666268619476814,
   "logit_oos": 0.6603253214325211,
   "shuffled_oos_auc_mean": 0.4700456429401353,
   "shuffled_oos_auc_max": 0.515541764723819,
   "perm_importance_oos": {
    "pre_vol": 0.03967008196068489,
    "run_accel": 0.016484524226165753,
    "oi_d1h": 0.010807942390408498,
    "overshoot": 0.008263424708718436,
    "dayvol_ratio": 0.005435828866053538,
    "oi_d24h": 0.005234670430119492,
    "t2trig": 0.004953412707478844,
    "liq_ratio": 0.004464169905150528,
    "btc_r24h": 0.004040917992438775,
    "vol_surge": 0.003962184034482785,
    "oi_d4h": 0.003918038404877255,
    "aggr_imb": 0.002533139942100915,
    "btc_rel": 0.002047993126024883,
    "regime": 0.0016565988841623636,
    "liq_ls_asym": 0.0015309886390993954,
    "liq_short_z": 0.0011866982391355307,
    "aggr_accel": 0.00014927594340807815,
    "funding": 3.1630116057446145e-05,
    "hour_utc": 0.0,
    "liq_long_z": -0.0003982208856159186
   },
   "label": "A_dir_reaches_+1.5pct",
   "train_pos_rate": 0.3814478965363461,
   "oos_pos_rate": 0.3028518288902666,
   "n_train": 6727,
   "n_oos": 3226
  },
  "A1m_dir_up_mech": {
   "hgb_train": 0.6931564063229506,
   "hgb_oos": 0.5052470965334036,
   "logit_train": 0.5433661041819515,
   "logit_oos": 0.5089283066279499,
   "shuffled_oos_auc_mean": 0.5020559312835646,
   "shuffled_oos_auc_max": 0.5182868420474884,
   "perm_importance_oos": {
    "oi_d4h": 0.006166676873527066,
    "aggr_accel": 0.0014368563178347449,
    "oi_d1h": 0.000556177596288232,
    "funding": 0.0005448152423475072,
    "liq_short_z": 0.0004598864611967679,
    "liq_ls_asym": -0.0017307368621337638,
    "aggr_imb": -0.001905023816649254,
    "oi_d24h": -0.003553142884874627,
    "liq_long_z": -0.004900448447074379,
    "run_accel": -0.005244207799350753,
    "liq_ratio": -0.008565866795465671
   },
   "label": "A_dir_fwd_up_MECH_ONLY",
   "train_pos_rate": 0.4611268024379367,
   "oos_pos_rate": 0.47706137631742096,
   "n_train": 6727,
   "n_oos": 3226
  },
  "B1_mag": {
   "hgb_train": 0.9015332800854794,
   "hgb_oos": 0.730846761062408,
   "logit_train": 0.7716697727914781,
   "logit_oos": 0.733703952767393,
   "shuffled_oos_auc_mean": 0.5068360926936654,
   "shuffled_oos_auc_max": 0.5638089186390339,
   "perm_importance_oos": {
    "pre_vol": 0.09188034883872398,
    "run_accel": 0.030576306842605594,
    "dayvol_ratio": 0.026328172830178853,
    "overshoot": 0.007615785668694364,
    "btc_rel": 0.006349405358933913,
    "t2trig": 0.005387509932394452,
    "oi_d24h": 0.00479156625721322,
    "vol_surge": 0.003972957834542545,
    "funding": 0.003173888548763215,
    "aggr_imb": 0.0026007405332881817,
    "regime": 0.002125695267621075,
    "liq_long_z": 0.0019506571663040484,
    "oi_d4h": 0.0012989455379124326,
    "liq_short_z": 0.0012032851802158406,
    "oi_d1h": 0.0009696296682254468,
    "aggr_accel": 0.0004644615665176932,
    "btc_r24h": 0.00030977673279564133,
    "liq_ratio": 0.00016893212103852306,
    "hour_utc": 0.0,
    "liq_ls_asym": -0.0034567989683336187
   },
   "label": "B_mag_absmove_gt_trainmed",
   "train_pos_rate": 0.49992567266240523,
   "oos_pos_rate": 0.38189708617482954,
   "n_train": 6727,
   "n_oos": 3226
  },
  "B1m_mag_mech": {
   "hgb_train": 0.8277082774248548,
   "hgb_oos": 0.6644564374943012,
   "logit_train": 0.650286056946918,
   "logit_oos": 0.6297056754679623,
   "shuffled_oos_auc_mean": 0.5192298893433547,
   "shuffled_oos_auc_max": 0.5581207909442614,
   "perm_importance_oos": {
    "aggr_accel": 0.022140691555185166,
    "run_accel": 0.021333073897015775,
    "oi_d24h": 0.018574799072542447,
    "liq_short_z": 0.0180187478018472,
    "liq_long_z": 0.01344903216141935,
    "oi_d1h": 0.012860008597220363,
    "oi_d4h": 0.008291107087496363,
    "aggr_imb": 0.0038207153929321613,
    "liq_ratio": -1.6689679427916992e-05,
    "funding": -0.0005894306295508578,
    "liq_ls_asym": -0.0021338365746590426
   },
   "label": "B_mag_absmove_MECH_ONLY",
   "train_pos_rate": 0.49992567266240523,
   "oos_pos_rate": 0.38189708617482954,
   "n_train": 6727,
   "n_oos": 3226
  },
  "C1_tail": {
   "hgb_train": 0.8570225572620069,
   "hgb_oos": 0.6478587508733191,
   "logit_train": 0.6850058242533394,
   "logit_oos": 0.6829467728162708,
   "shuffled_oos_auc_mean": 0.4775405608218256,
   "shuffled_oos_auc_max": 0.5320156636794121,
   "perm_importance_oos": {
    "pre_vol": 0.031912159189904754,
    "dayvol_ratio": 0.012253206482831125,
    "liq_short_z": 0.009651793646549334,
    "overshoot": 0.009424083769633551,
    "vol_surge": 0.005722073194924904,
    "liq_ratio": 0.005504713766959712,
    "oi_d24h": 0.005394308978151852,
    "btc_rel": 0.0037209863977850643,
    "funding": 0.002527234618801555,
    "oi_d4h": 0.00192000828035932,
    "btc_r24h": 0.0013490085132442653,
    "hour_utc": 0.0,
    "liq_ls_asym": -0.0006779544062723852,
    "aggr_accel": -0.0016232954104384856,
    "liq_long_z": -0.001859630661479983,
    "aggr_imb": -0.0018889569335069911,
    "t2trig": -0.0031913884264730408,
    "regime": -0.00361748190827782,
    "run_accel": -0.003933170601274849,
    "oi_d1h": -0.012458490387020626
   },
   "label": "C_tail_topdecile_fwd_ret",
   "train_pos_rate": 0.10004459640255686,
   "oos_pos_rate": 0.05920644761314321,
   "n_train": 6727,
   "n_oos": 3226,
   "tail": {
    "k": 323,
    "n": 3226,