{
 "by_class_oos": {
  "EMA": {
   "1d": 19.2,
   "4h": 27.9,
   "2h": 28.2,
   "1h": 53.0,
   "30m": 42.8,
   "15m": 36.8
  },
  "SMA": {
   "1d": 19.6,
   "4h": 23.9,
   "2h": 19.6,
   "1h": 53.1,
   "30m": 50.3,
   "15m": 45.5
  },
  "WMA": {
   "1d": 19.4,
   "4h": 26.4,
   "2h": 24.2,
   "1h": 52.2,
   "30m": 43.6,
   "15m": 34.2
  },
  "HMA": {
   "1d": 30.5,
   "4h": 29.4,
   "2h": 32.4,
   "1h": 49.0,
   "30m": 28.6,
   "15m": 2.5
  },
  "DEMA": {
   "1d": 22.8,
   "4h": 25.9,
   "2h": 10.2,
   "1h": 47.7,
   "30m": 40.8,
   "15m": 21.3
  },
  "TEMA": {
   "1d": 27.6,
   "4h": 23.4,
   "2h": 20.5,
   "1h": 49.5,
   "30m": 29.5,
   "15m": 3.9
  },
  "KAMA": {
   "1d": 16.8,
   "4h": 17.3,
   "2h": 15.5,
   "1h": 43.9,
   "30m": 45.5,
   "15m": 40.4
  },
  "VIDYA": {
   "1d": 6.4,
   "4h": 18.0,
   "2h": 34.6,
   "1h": 47.1,
   "30m": 47.9,
   "15m": 55.0
  }
 },
 "divergence_per_tf": {
  "1d": 24.1,
  "4h": 12.1,
  "2h": 24.4,
  "1h": 9.2,
  "30m": 21.7,
  "15m": 52.5
 },
 "group_means": {
  "plain": [
   19.4,
   26.066666666666663,
   24.0,
   52.76666666666667,
   45.56666666666666,
   38.833333333333336
  ],
  "low-lag": [
   26.96666666666667,
   26.23333333333333,
   21.03333333333333,
   48.73333333333333,
   32.96666666666667,
   9.233333333333333
  ],
  "adaptive": [
   11.600000000000001,
   17.65,
   25.05,
   45.5,
   46.7,
   47.7
  ]
 },
 "winners": {
  "1d": [
   "HMA",
   30.5
  ],
  "4h": [
   "HMA",
   29.4
  ],
  "2h": [
   "VIDYA",
   34.6
  ],
  "1h": [
   "SMA",
   53.1
  ],
  "30m": [
   "SMA",
   50.3
  ],
  "15m": [
   "VIDYA",
   55.0
  ]
 }
}