{
 "2h|BTCUSDT": {
  "conc_top5": 0.20708097923232666,
  "conc_top10": 0.34394497162232573,
  "conc_top20": 0.5374045095644848,
  "bigbar_capture": 0.776,
  "avg_position": 0.669,
  "hurst": 0.5048340274554932,
  "ac1": -0.068,
  "max_up_run": 11,
  "win_rate": 0.69,
  "payoff": 24.84,
  "expectancy_pct": 4.98,
  "n_trades": 36,
  "median_hold": 23
 },
 "2h|ETHUSDT": {
  "conc_top5": 0.20382966775231617,
  "conc_top10": 0.32888386134504105,
  "conc_top20": 0.5177580800744928,
  "bigbar_capture": 0.588,
  "avg_position": 0.537,
  "hurst": 0.4854658829817881,
  "ac1": -0.04,
  "max_up_run": 11,
  "win_rate": 0.75,
  "payoff": 4.24,
  "expectancy_pct": 5.61,
  "n_trades": 40,
  "median_hold": 23
 },
 "2h|SOLUSDT": {
  "conc_top5": 0.18158528810277755,
  "conc_top10": 0.30279163983217217,
  "conc_top20": 0.48598838120969495,
  "bigbar_capture": 0.193,
  "avg_position": 0.178,
  "hurst": 0.4953796634839226,
  "ac1": -0.07,
  "max_up_run": 7,
  "win_rate": 0.8,
  "payoff": 2.48,
  "expectancy_pct": 4.83,
  "n_trades": 20,
  "median_hold": 16
 },
 "2h|BNBUSDT": {
  "conc_top5": 0.2139150677199923,
  "conc_top10": 0.34023196877252915,
  "conc_top20": 0.5209282470072504,
  "bigbar_capture": 0.565,
  "avg_position": 0.511,
  "hurst": 0.49853269400586303,
  "ac1": -0.07,
  "max_up_run": 8,
  "win_rate": 0.69,
  "payoff": 2.65,
  "expectancy_pct": 3.39,
  "n_trades": 48,
  "median_hold": 18
 },
 "2h|XRPUSDT": {
  "conc_top5": 0.3047920663210178,
  "conc_top10": 0.4399305700690147,
  "conc_top20": 0.6119751302948964,
  "bigbar_capture": 0.426,
  "avg_position": 0.437,
  "hurst": 0.5095739198233821,
  "ac1": -0.098,
  "max_up_run": 7,
  "win_rate": 0.67,
  "payoff": 5.34,
  "expectancy_pct": 6.34,
  "n_trades": 46,
  "median_hold": 14
 },
 "2h|DOGEUSDT": {
  "conc_top5": 0.24406477438266663,
  "conc_top10": 0.36976685366880446,
  "conc_top20": 0.5456033895367747,
  "bigbar_capture": 0.48,
  "avg_position": 0.346,
  "hurst": 0.4073750174080701,
  "ac1": -0.123,
  "max_up_run": 8,
  "win_rate": 0.64,
  "payoff": 10.2,
  "expectancy_pct": 9.77,
  "n_trades": 11,
  "median_hold": 17
 },
 "2h|ADAUSDT": {
  "conc_top5": 0.2058359072023954,
  "conc_top10": 0.3285772369092733,
  "conc_top20": 0.5100384216732529,
  "bigbar_capture": 0.515,
  "avg_position": 0.416,
  "hurst": 0.5073197095776899,
  "ac1": -0.086,
  "max_up_run": 7,
  "win_rate": 0.74,
  "payoff": 3.2,
  "expectancy_pct": 5.05,
  "n_trades": 50,
  "median_hold": 16
 },
 "2h|AVAXUSDT": {
  "conc_top5": 0.1934540425120422,
  "conc_top10": 0.3137513986715924,
  "conc_top20": 0.49768354278796384,
  "bigbar_capture": 0.199,
  "avg_position": 0.267,
  "hurst": 0.4418177269843228,
  "ac1": -0.082,
  "max_up_run": 8,
  "win_rate": 0.7,
  "payoff": 1.04,
  "expectancy_pct": 1.64,
  "n_trades": 23,
  "median_hold": 15
 },
 "2h|LINKUSDT": {
  "conc_top5": 0.2217290194431294,
  "conc_top10": 0.34830288679350324,
  "conc_top20": 0.5260323523827153,
  "bigbar_capture": 0.319,
  "avg_position": 0.332,
  "hurst": 0.5054404115158974,
  "ac1": -0.087,
  "max_up_run": 11,
  "win_rate": 0.68,
  "payoff": 3.4,
  "expectancy_pct": 5.43,
  "n_trades": 41,
  "median_hold": 19
 },
 "2h|LTCUSDT": {
  "conc_top5": 0.22483187927093234,
  "conc_top10": 0.3623473254960939,
  "conc_top20": 0.5452345133018858,
  "bigbar_capture": 0.524,
  "avg_position": 0.45,
  "hurst": 0.5027515854590489,
  "ac1": -0.117,
  "max_up_run": 11,
  "win_rate": 0.61,
  "payoff": 5.42,
  "expectancy_pct": 5.35,
  "n_trades": 44,
  "median_hold": 13
 },
 "30m|BTCUSDT": {
  "conc_top5": 0.22318244791105377,
  "conc_top10": 0.35473573821973386,
  "conc_top20": 0.5417628572813151,
  "bigbar_capture": 0.638,
  "avg_position": 0.616,
  "hurst": 0.44343334015627545,
  "ac1": -0.047,
  "max_up_run": 11,
  "win_rate": 0.79,
  "payoff": 2.74,
  "expectancy_pct": 1.44,
  "n_trades": 151,
  "median_hold": 20
 },
 "30m|ETHUSDT": {
  "conc_top5": 0.22421229285881175,
  "conc_top10": 0.3526163586572092,
  "conc_top20": 0.5337915593604909,
  "bigbar_capture": 0.548,
  "avg_position": 0.552,
  "hurst": 0.46650514678309385,
  "ac1": -0.044,
  "max_up_run": 9,
  "win_rate": 0.68,
  "payoff": 3.52,
  "expectancy_pct": 1.9,
  "n_trades": 150,
  "median_hold": 18
 },
 "30m|SOLUSDT": {
  "conc_top5": 0.16890036508664533,
  "conc_top10": 0.28551090813260355,
  "conc_top20": 0.47109391334409084,
  "bigbar_capture": 0.281,
  "avg_position": 0.308,
  "hurst": 0.4358550022237416,
  "ac1": -0.051,
  "max_up_run": 9,
  "win_rate": 0.74,
  "payoff": 2.39,
  "expectancy_pct": 3.78,
  "n_trades": 38,
  "median_hold": 20
 },
 "30m|BNBUSDT": {
  "conc_top5": 0.21869411526236202,
  "conc_top10": 0.34538327937601343,
  "conc_top20": 0.5251640765874755,
  "bigbar_capture": 0.513,
  "avg_position": 0.521,
  "hurst": 0.45569382537147773,
  "ac1": -0.089,
  "max_up_run": 10,
  "win_rate": 0.7,
  "payoff": 2.55,
  "expectancy_pct": 1.61,
  "n_trades": 162,
  "median_hold": 19
 },
 "30m|XRPUSDT": {
  "conc_top5": 0.3021647207244381,
  "conc_top10": 0.4369437336606061,
  "conc_top20": 0.6098376823667195,
  "bigbar_capture": 0.341,
  "avg_position": 0.452,
  "hurst": 0.46335546005501754,
  "ac1": -0.035,
  "max_up_run": 9,
  "win_rate": 0.66,
  "payoff": 2.3,
  "expectancy_pct": 1.55,
  "n_trades": 178,
  "median_hold": 15
 },
 "30m|DOGEUSDT": {
  "conc_top5": 0.19958477254489684,
  "conc_top10": 0.3195234218054362,
  "conc_top20": 0.5030493275009308,
  "bigbar_capture": 0.304,
  "avg_position": 0.313,
  "hurst": 0.44709354006127977,
  "ac1": -0.091,
  "max_up_run": 8,
  "win_rate": 0.57,
  "payoff": 2.04,
  "expectancy_pct": 2.64,
  "n_trades": 14,
  "median_hold": 16
 },
 "30m|ADAUSDT": {
  "conc_top5": 0.216650498869442,
  "conc_top10": 0.3457174615430975,
  "conc_top20": 0.5285176761182085,
  "bigbar_capture": 0.469,
  "avg_position": 0.457,
  "hurst": 0.4602065201144711,
  "ac1": -0.069,
  "max_up_run": 8,
  "win_rate": 0.67,
  "payoff": 2.29,
  "expectancy_pct": 1.79,
  "n_trades": 169,
  "median_hold": 15
 },
 "30m|AVAXUSDT": {
  "conc_top5": 0.1963473859489062,
  "conc_top10": 0.31711464256192523,
  "conc_top20": 0.5004141138139488,
  "bigbar_capture": 0.231,
  "avg_position": 0.346,
  "hurst": 0.4700841919051913,
  "ac1": -0.034,
  "max_up_run": 9,
  "win_rate": 0.59,
  "payoff": 1.61,
  "expectancy_pct": 1.4,
  "n_trades": 54,
  "median_hold": 12
 },
 "30m|LINKUSDT": {
  "conc_top5": 0.23185685178892884,
  "conc_top10": 0.35894628296034703,
  "conc_top20": 0.536002085201409,
  "bigbar_capture": 0.41,
  "avg_position": 0.426,
  "hurst": 0.42913365141080345,
  "ac1": -0.044,
  "max_up_run": 9,
  "win_rate": 0.62,
  "payoff": 3.15,
  "expectancy_pct": 2.34,
  "n_trades": 171,
  "median_hold": 14
 },
 "30m|LTCUSDT": {
  "conc_top5": 0.23465312170351757,
  "conc_top10": 0.36465712725610083,
  "conc_top20": 0.5453449097238815,
  "bigbar_capture": 0.573,
  "avg_position": 0.522,
  "hurst": 0.4276017326291969,
  "ac1": -0.06,
  "max_up_run": 10,
  "win_rate": 0.66,
  "payoff": 2.66,
  "expectancy_pct": 1.92,
  "n_trades": 165,
  "median_hold": 17
 },
 "15m|BTCUSDT": {
  "conc_top5": 0.22280798808859165,
  "conc_top10": 0.35307618288936693,
  "conc_top20": 0.5383363909655194,
  "bigbar_capture": 0.567,
  "avg_position": 0.59,
  "hurst": 0.4579276673195103,
  "ac1": -0.045,
  "max_up_run": 12,
  "win_rate": 0.68,
  "payoff": 2.73,
  "expectancy_pct": 0.74,
  "n_trades": 333,
  "median_hold": 16
 },
 "15m|ETHUSDT": {
  "conc_top5": 0.21893643789262113,
  "conc_top10": 0.34576873513512374,
  "conc_top20": 0.5244543435866954,
  "bigbar_capture": 0.497,
  "avg_position": 0.541,
  "hurst": 0.46559616720669145,
  "ac1": -0.018,
  "max_up_run": 11,
  "win_rate": 0.64,
  "payoff": 2.93,