{
 "1d|BTCUSDT": {
  "conc_top5": 0.18341052941655633,
  "conc_top10": 0.32167465100391757,
  "conc_top20": 0.5099664482347839,
  "bigbar_capture": 0.267,
  "avg_position": 0.294,
  "hurst": 0.5168368727191724,
  "ac1": -0.038,
  "max_up_run": 8,
  "win_rate": 0.6,
  "payoff": 1.9,
  "expectancy_pct": 15.37,
  "n_trades": 5,
  "median_hold": 17
 },
 "1d|ETHUSDT": {
  "conc_top5": 0.13561298123747262,
  "conc_top10": 0.250916073536537,
  "conc_top20": 0.45382792263961097,
  "bigbar_capture": 0.27,
  "avg_position": 0.213,
  "hurst": 0.4090864618095206,
  "ac1": -0.048,
  "max_up_run": 7,
  "win_rate": 0.8,
  "payoff": 14.8,
  "expectancy_pct": 30.94,
  "n_trades": 5,
  "median_hold": 23
 },
 "1d|SOLUSDT": {
  "conc_top5": 0.17382235269676294,
  "conc_top10": 0.266942719418932,
  "conc_top20": 0.4352699114071892,
  "bigbar_capture": 0.0,
  "avg_position": 0.0,
  "hurst": 0.3579102817769432,
  "ac1": -0.048,
  "max_up_run": 5,
  "win_rate": null,
  "payoff": null,
  "expectancy_pct": null,
  "n_trades": 0,
  "median_hold": null
 },
 "1d|BNBUSDT": {
  "conc_top5": 0.17001943441220788,
  "conc_top10": 0.2987716928230984,
  "conc_top20": 0.46921050204482045,
  "bigbar_capture": 0.282,
  "avg_position": 0.393,
  "hurst": 0.2481305231843513,
  "ac1": -0.104,
  "max_up_run": 8,
  "win_rate": 0.86,
  "payoff": 0.63,
  "expectancy_pct": 18.79,
  "n_trades": 7,
  "median_hold": 23
 },
 "1d|XRPUSDT": {
  "conc_top5": 0.3013081457786359,
  "conc_top10": 0.44664173055414,
  "conc_top20": 0.6173669428866965,
  "bigbar_capture": 0.39,
  "avg_position": 0.347,
  "hurst": 0.5999249168991511,
  "ac1": -0.028,
  "max_up_run": 8,
  "win_rate": 0.62,
  "payoff": 21.45,
  "expectancy_pct": 31.8,
  "n_trades": 8,
  "median_hold": 16
 },
 "1d|DOGEUSDT": {
  "conc_top5": 0.25423457517119274,
  "conc_top10": 0.4477426628046197,
  "conc_top20": 0.603552352450172,
  "bigbar_capture": 0.343,
  "avg_position": 0.2,
  "hurst": 0.39852645397284037,
  "ac1": 0.012,
  "max_up_run": 6,
  "win_rate": 0.5,
  "payoff": 8.28,
  "expectancy_pct": 22.26,
  "n_trades": 2,
  "median_hold": 13
 },
 "1d|ADAUSDT": {
  "conc_top5": 0.1499627190453354,
  "conc_top10": 0.29203549264624246,
  "conc_top20": 0.4956798327961697,
  "bigbar_capture": 0.226,
  "avg_position": 0.159,
  "hurst": 0.38955987140376547,
  "ac1": -0.085,
  "max_up_run": 6,
  "win_rate": 0.8,
  "payoff": 3.54,
  "expectancy_pct": 44.95,
  "n_trades": 5,
  "median_hold": 20
 },
 "1d|AVAXUSDT": {
  "conc_top5": 0.19761796049468527,
  "conc_top10": 0.2932898432514633,
  "conc_top20": 0.48776845968979715,
  "bigbar_capture": 0.0,
  "avg_position": 0.003,
  "hurst": 0.08525431253360416,
  "ac1": -0.254,
  "max_up_run": 4,
  "win_rate": 0.0,
  "payoff": null,
  "expectancy_pct": -9.07,
  "n_trades": 1,
  "median_hold": 12
 },
 "1d|LINKUSDT": {
  "conc_top5": 0.17951484619985197,
  "conc_top10": 0.3161355577592226,
  "conc_top20": 0.4914759255328307,
  "bigbar_capture": 0.105,
  "avg_position": 0.162,
  "hurst": 0.4581406511680474,
  "ac1": -0.101,
  "max_up_run": 6,
  "win_rate": 0.8,
  "payoff": 4.3,
  "expectancy_pct": 16.65,
  "n_trades": 5,
  "median_hold": 18
 },
 "1d|LTCUSDT": {
  "conc_top5": 0.1725146490206204,
  "conc_top10": 0.3010810289976087,
  "conc_top20": 0.5035486380981659,
  "bigbar_capture": 0.31,
  "avg_position": 0.312,
  "hurst": 0.4157926439228631,
  "ac1": -0.024,
  "max_up_run": 6,
  "win_rate": 0.57,
  "payoff": 1.83,
  "expectancy_pct": 11.24,
  "n_trades": 7,
  "median_hold": 12
 },
 "4h|BTCUSDT": {
  "conc_top5": 0.20564524547856472,
  "conc_top10": 0.34514926009517594,
  "conc_top20": 0.5431143314352643,
  "bigbar_capture": 0.735,
  "avg_position": 0.635,
  "hurst": 0.540152949741555,
  "ac1": -0.022,
  "max_up_run": 10,
  "win_rate": 0.82,
  "payoff": 7.84,
  "expectancy_pct": 9.16,
  "n_trades": 22,
  "median_hold": 21
 },
 "4h|ETHUSDT": {
  "conc_top5": 0.20758704728902994,
  "conc_top10": 0.33365116462551647,
  "conc_top20": 0.5202126521686239,
  "bigbar_capture": 0.521,
  "avg_position": 0.481,
  "hurst": 0.501294782846741,
  "ac1": -0.028,
  "max_up_run": 8,
  "win_rate": 0.7,
  "payoff": 4.74,
  "expectancy_pct": 6.66,
  "n_trades": 30,
  "median_hold": 17
 },
 "4h|SOLUSDT": {
  "conc_top5": 0.16914423931157524,
  "conc_top10": 0.2989969566047428,
  "conc_top20": 0.4876273927777778,
  "bigbar_capture": 0.134,
  "avg_position": 0.101,
  "hurst": 0.46577449419958494,
  "ac1": 0.009,
  "max_up_run": 9,
  "win_rate": 0.7,
  "payoff": 1.85,
  "expectancy_pct": 4.36,
  "n_trades": 10,
  "median_hold": 12
 },
 "4h|BNBUSDT": {
  "conc_top5": 0.22148931309766845,
  "conc_top10": 0.3461777354061643,
  "conc_top20": 0.5302191772195027,
  "bigbar_capture": 0.454,
  "avg_position": 0.39,
  "hurst": 0.4828654643267479,
  "ac1": -0.06,
  "max_up_run": 8,
  "win_rate": 0.73,
  "payoff": 4.44,
  "expectancy_pct": 5.65,
  "n_trades": 30,
  "median_hold": 25
 },
 "4h|XRPUSDT": {
  "conc_top5": 0.31179866622286584,
  "conc_top10": 0.4442035051197186,
  "conc_top20": 0.6097899209536066,
  "bigbar_capture": 0.428,
  "avg_position": 0.393,
  "hurst": 0.5897543233645274,
  "ac1": 0.001,
  "max_up_run": 8,
  "win_rate": 0.73,
  "payoff": 12.31,
  "expectancy_pct": 13.29,
  "n_trades": 22,
  "median_hold": 21
 },
 "4h|DOGEUSDT": {
  "conc_top5": 0.24594780380519385,
  "conc_top10": 0.37640042059486584,
  "conc_top20": 0.5592748441726094,
  "bigbar_capture": 0.502,
  "avg_position": 0.256,
  "hurst": 0.5107901616409525,
  "ac1": -0.017,
  "max_up_run": 8,
  "win_rate": 0.75,
  "payoff": 10.42,
  "expectancy_pct": 15.47,
  "n_trades": 8,
  "median_hold": 23
 },
 "4h|ADAUSDT": {
  "conc_top5": 0.2091113356541502,
  "conc_top10": 0.335302251594875,
  "conc_top20": 0.5144985753371537,
  "bigbar_capture": 0.375,
  "avg_position": 0.352,
  "hurst": 0.5068190234092269,
  "ac1": 0.027,
  "max_up_run": 11,
  "win_rate": 0.85,
  "payoff": 2.96,
  "expectancy_pct": 11.2,
  "n_trades": 27,
  "median_hold": 28
 },
 "4h|AVAXUSDT": {
  "conc_top5": 0.2094384596106776,
  "conc_top10": 0.33225237217450027,
  "conc_top20": 0.5110525927121193,
  "bigbar_capture": 0.109,
  "avg_position": 0.167,
  "hurst": 0.5303289057666591,
  "ac1": -0.055,
  "max_up_run": 5,
  "win_rate": 0.62,
  "payoff": 2.61,
  "expectancy_pct": 2.65,
  "n_trades": 13,
  "median_hold": 12
 },
 "4h|LINKUSDT": {
  "conc_top5": 0.21482357310194314,
  "conc_top10": 0.34382471289416866,
  "conc_top20": 0.5296897697344047,
  "bigbar_capture": 0.308,
  "avg_position": 0.301,
  "hurst": 0.5390469651787888,
  "ac1": -0.023,
  "max_up_run": 9,
  "win_rate": 0.65,
  "payoff": 3.72,
  "expectancy_pct": 8.5,
  "n_trades": 31,
  "median_hold": 13
 },
 "4h|LTCUSDT": {
  "conc_top5": 0.21820633396738368,
  "conc_top10": 0.3545566764754481,
  "conc_top20": 0.5485295499474049,
  "bigbar_capture": 0.441,
  "avg_position": 0.366,
  "hurst": 0.5366815742185701,
  "ac1": -0.052,
  "max_up_run": 7,
  "win_rate": 0.69,
  "payoff": 3.69,
  "expectancy_pct": 5.89,
  "n_trades": 26,
  "median_hold": 15
 },
 "1h|BTCUSDT": {
  "conc_top5": 0.2221373371108173,
  "conc_top10": 0.3603151842594825,
  "conc_top20": 0.5504430898952117,
  "bigbar_capture": 0.724,
  "avg_position": 0.653,
  "hurst": 0.478977075748585,
  "ac1": -0.052,
  "max_up_run": 9,
  "win_rate": 0.75,
  "payoff": 3.14,
  "expectancy_pct": 2.36,
  "n_trades": 75,
  "median_hold": 22
 },
 "1h|ETHUSDT": {
  "conc_top5": 0.21874453368142152,
  "conc_top10": 0.34763787318885087,
  "conc_top20": 0.5338554007535004,
  "bigbar_capture": 0.558,
  "avg_position": 0.56,
  "hurst": 0.48902558988465644,
  "ac1": -0.029,
  "max_up_run": 8,
  "win_rate": 0.7,
  "payoff": 4.89,
  "expectancy_pct": 3.33,
  "n_trades": 70,