{
  "bootstrap_summary": {
    "SEL_bl5": {
      "window": "SEL",
      "block_len": 5,
      "T": 1897,
      "n_eff": 565.1101030243033,
      "point_comp_pct": 36.169,
      "p05_comp_pct": 27.122,
      "p50_comp_pct": 36.32,
      "p95_comp_pct": 46.723,
      "p05_sharpe": 2.863,
      "p50_sharpe": 3.567,
      "p95_sharpe": 4.336,
      "p_gt0": 1.0,
      "survives_p05": true
    },
    "SEL_bl10": {
      "window": "SEL",
      "block_len": 10,
      "T": 1897,
      "n_eff": 565.1101030243033,
      "point_comp_pct": 36.169,
      "p05_comp_pct": 26.263,
      "p50_comp_pct": 35.979,
      "p95_comp_pct": 47.834,
      "p05_sharpe": 2.804,
      "p50_sharpe": 3.551,
      "p95_sharpe": 4.315,
      "p_gt0": 1.0,
      "survives_p05": true
    },
    "SEL_bl15": {
      "window": "SEL",
      "block_len": 15,
      "T": 1897,
      "n_eff": 565.1101030243033,
      "point_comp_pct": 36.169,
      "p05_comp_pct": 24.942,
      "p50_comp_pct": 36.175,
      "p95_comp_pct": 49.231,
      "p05_sharpe": 2.728,
      "p50_sharpe": 3.57,
      "p95_sharpe": 4.371,
      "p_gt0": 1.0,
      "survives_p05": true
    },
    "SEL_bl20": {
      "window": "SEL",
      "block_len": 20,
      "T": 1897,
      "n_eff": 565.1101030243033,
      "point_comp_pct": 36.169,
      "p05_comp_pct": 23.754,
      "p50_comp_pct": 35.879,
      "p95_comp_pct": 50.67,
      "p05_sharpe": 2.67,
      "p50_sharpe": 3.558,
      "p95_sharpe": 4.415,
      "p_gt0": 1.0,
      "survives_p05": true
    },
    "OOS_bl5": {
      "window": "OOS",
      "block_len": 5,
      "T": 291,
      "n_eff": 50.95559561629001,
      "point_comp_pct": 7.931,
      "p05_comp_pct": 3.999,
      "p50_comp_pct": 7.939,
      "p95_comp_pct": 12.108,
      "p05_sharpe": 2.898,
      "p50_sharpe": 5.201,
      "p95_sharpe": 7.259,
      "p_gt0": 1.0,
      "survives_p05": true
    },
    "OOS_bl10": {
      "window": "OOS",
      "block_len": 10,
      "T": 291,
      "n_eff": 50.95559561629001,
      "point_comp_pct": 7.931,
      "p05_comp_pct": 3.351,
      "p50_comp_pct": 7.854,
      "p95_comp_pct": 12.944,
      "p05_sharpe": 2.53,
      "p50_sharpe": 5.217,
      "p95_sharpe": 7.777,
      "p_gt0": 1.0,
      "survives_p05": true
    },
    "OOS_bl15": {
      "window": "OOS",
      "block_len": 15,
      "T": 291,
      "n_eff": 50.95559561629001,
      "point_comp_pct": 7.931,
      "p05_comp_pct": 2.616,
      "p50_comp_pct": 7.713,
      "p95_comp_pct": 13.165,
      "p05_sharpe": 2.121,
      "p50_sharpe": 5.11,
      "p95_sharpe": 7.795,
      "p_gt0": 0.998,
      "survives_p05": true
    },
    "OOS_bl20": {
      "window": "OOS",
      "block_len": 20,
      "T": 291,
      "n_eff": 50.95559561629001,
      "point_comp_pct": 7.931,
      "p05_comp_pct": 2.745,
      "p50_comp_pct": 7.79,
      "p95_comp_pct": 13.608,
      "p05_sharpe": 2.13,
      "p50_sharpe": 5.15,
      "p95_sharpe": 7.879,
      "p_gt0": 0.9975,
      "survives_p05": true
    },
    "UNSEEN_bl5": {
      "window": "UNSEEN",
      "block_len": 5,
      "T": 149,
      "n_eff": 34.25826027032929,
      "point_comp_pct": 10.31,
      "p05_comp_pct": 4.356,
      "p50_comp_pct": 9.95,
      "p95_comp_pct": 17.088,
      "p05_sharpe": 2.959,
      "p50_sharpe": 5.714,
      "p95_sharpe": 8.259,
      "p_gt0": 0.999,
      "survives_p05": true
    },
    "UNSEEN_bl10": {
      "window": "UNSEEN",
      "block_len": 10,
      "T": 149,
      "n_eff": 34.25826027032929,
      "point_comp_pct": 10.31,
      "p05_comp_pct": 3.495,
      "p50_comp_pct": 9.952,
      "p95_comp_pct": 18.745,
      "p05_sharpe": 2.524,
      "p50_sharpe": 5.69,
      "p95_sharpe": 8.697,
      "p_gt0": 0.9985,
      "survives_p05": true
    },
    "UNSEEN_bl15": {
      "window": "UNSEEN",
      "block_len": 15,
      "T": 149,
      "n_eff": 34.25826027032929,
      "point_comp_pct": 10.31,
      "p05_comp_pct": 2.786,
      "p50_comp_pct": 9.891,
      "p95_comp_pct": 19.154,
      "p05_sharpe": 2.091,
      "p50_sharpe": 5.682,
      "p95_sharpe": 8.938,
      "p_gt0": 0.9945,
      "survives_p05": true
    },
    "UNSEEN_bl20": {
      "window": "UNSEEN",
      "block_len": 20,
      "T": 149,
      "n_eff": 34.25826027032929,
      "point_comp_pct": 10.31,
      "p05_comp_pct": 2.665,
      "p50_comp_pct": 9.817,
      "p95_comp_pct": 19.693,
      "p05_sharpe": 2.003,
      "p50_sharpe": 5.642,
      "p95_sharpe": 9.256,
      "p_gt0": 0.994,
      "survives_p05": true
    }
  },
  "gate_results": {
    "SEL": {
      "ungated_comp": 36.169,
      "ungated_ann": 6.12,
      "ungated_sharpe": 3.556,
      "gated_comp": 28.757,
      "gated_ann": 4.983,
      "gated_sharpe": 3.46,
      "n_active": 947,
      "pct_active": 49.9,
      "gate_threshold": 0.00031371
    },
    "OOS": {
      "ungated_comp": 7.931,
      "ungated_ann": 10.047,
      "ungated_sharpe": 5.194,
      "gated_comp": 8.87,
      "gated_ann": 11.249,
      "gated_sharpe": 6.662,
      "n_active": 175,
      "pct_active": 60.1,
      "gate_threshold": 0.00031371
    },
    "UNSEEN": {
      "ungated_comp": 10.31,
      "ungated_ann": 27.171,
      "ungated_sharpe": 5.748,
      "gated_comp": 10.393,
      "gated_ann": 27.406,
      "gated_sharpe": 5.948,
      "n_active": 127,
      "pct_active": 85.2,
      "gate_threshold": 0.00031371
    }
  },
  "gate_threshold": 0.0003137102847286702,
  "settings": {
    "universe": "u50",
    "k": 5,
    "lookback": 7,
    "lag": 1,
    "n_bootstrap": 2000,
    "block_lengths": [
      5,
      10,
      15,
      20
    ],
    "seed": 42
  }
}